Status ID,Status Name,Issue Count,Avg (ms),Avg (hours),Median (ms),Median (hours),P90 (ms),P90 (hours),Max (ms),Max (hours)
consolidated,Diagnose,252,1036535046.7738096,287.92640188161374,334819899.5,93.00552763888889,3832302721,1064.528533611111,7008948193,1946.9300536111111
consolidated,Open,26,797067593.6153846,221.40766489316238,194985878.5,54.16274402777778,3094702953,859.6397091666666,3094916551,859.6990419444444
consolidated,In Progress,8,521756480.375,144.93235565972222,267461812.5,74.29494791666667,1826591159,507.38643305555553,1826591159,507.38643305555553
consolidated,Canceled,707,376864074.25035363,104.68446506954268,175123525,48.64542361111111,860244854,238.9569038888889,6839403265,1899.8342402777778
consolidated,Resolved,7749,306737149.7606143,85.20476382239285,12765643,3.5460119444444445,553017880,153.61607777777778,17691673516,4914.353754444444
consolidated,Work in Progress,2439,235902141.32759327,65.52837259099813,11622,0.0032283333333333335,341753020,94.93139444444445,23254256865,6459.515795833333
consolidated,Escalated,299,224455078.25083613,62.34863284745448,12728157,3.5355991666666666,521597587,144.8882186111111,7331791030,2036.6086194444445
consolidated,Reopened,1,71502,0.019861666666666666,71502,0.019861666666666666,71502,0.019861666666666666,71502,0.019861666666666666
